"chr","start","end","value"
"A01",0,475557.94,0.0895516003947705
"A01",475557.94,951115.88,0.21051231934689
"A01",951115.88,1426673.82,0.732955268118531
"A01",1426673.82,1902231.76,0.852133540669456
"A01",1902231.76,2377789.7,0.788397894473746
"A01",2377789.7,2853347.64,0.331959968432784
"A01",2853347.64,3328905.58,0.0824327350128442
"A01",3328905.58,3804463.52,0.285526945022866
"A01",3804463.52,4280021.46,0.23750327154994
"A01",4280021.46,4755579.4,0.38523616688326
"A01",4755579.4,5231137.34,0.372945911018178
"A01",5231137.34,5706695.28,0.217908559599891
"A01",5706695.28,6182253.22,0.755105035379529
"A01",6182253.22,6657811.16,0.82168106874451
"A01",6657811.16,7133369.1,0.598918164148927
"A01",7133369.1,7608927.04,0.651033560046926
"A01",7608927.04,8084484.98,0.843117238022387
"A01",8084484.98,8560042.92,0.4532381426543
"A01",8560042.92,9035600.86,0.716757099609822
"A01",9035600.86,9511158.8,0.291222166502848
"A01",9511158.8,9986716.74,0.179883137578145
"A01",9986716.74,10462274.68,0.721743599977344
"A01",10462274.68,10937832.62,0.905087579507381
"A01",10937832.62,11413390.56,0.445766670163721
"A01",11413390.56,11888948.5,0.838601463707164
"A01",11888948.5,12364506.44,0.70349283167161
"A01",12364506.44,12840064.38,0.950928996317089
"A01",12840064.38,13315622.32,0.643152175005525
"A01",13315622.32,13791180.26,0.0748198556248099
"A01",13791180.26,14266738.2,0.253490373725072
"A01",14266738.2,14742296.14,0.974253991618752
"A01",14742296.14,15217854.08,0.217304071644321
"A01",15217854.08,15693412.02,0.958800779888406
"A01",15693412.02,16168969.96,0.501856063259766
"A01",16168969.96,16644527.9,0.650800784816965
"A01",16644527.9,17120085.84,0.948301075259224
"A01",17120085.84,17595643.78,0.988697162363678
"A01",17595643.78,18071201.72,0.918114476604387
"A01",18071201.72,18546759.66,0.937961424700916
"A01",18546759.66,19022317.6,0.528335145208985
"A01",19022317.6,19497875.54,0.317534695612267
"A01",19497875.54,19973433.48,0.423698727972806
"A01",19973433.48,20448991.42,0.0429613851010799
"A01",20448991.42,20924549.36,0.129273845115677
"A01",20924549.36,21400107.3,0.0768144100438803
"A01",21400107.3,21875665.24,0.078419569414109
"A01",21875665.24,22351223.18,0.582477621501312
"A01",22351223.18,22826781.12,0.544103220338002
"A01",22826781.12,23302339.06,0.485706486273557
"A01",23302339.06,23777897,0.928246133495122
"A02",0,559680.02,0.871662395307794
"A02",559680.02,1119360.04,0.798496773233637
"A02",1119360.04,1679040.06,0.321734163211659
"A02",1679040.06,2238720.08,0.425328381126747
"A02",2238720.08,2798400.1,0.371310654329136
"A02",2798400.1,3358080.12,0.894273708108813
"A02",3358080.12,3917760.14,0.93116706633009
"A02",3917760.14,4477440.16,0.617238478735089
"A02",4477440.16,5037120.18,0.137993635376915
"A02",5037120.18,5596800.2,0.254140652483329
"A02",5596800.2,6156480.22,0.298474103445187
"A02",6156480.22,6716160.24,0.408579878276214
"A02",6716160.24,7275840.26,0.276325333397835
"A02",7275840.26,7835520.28,0.626006928505376
"A02",7835520.28,8395200.3,0.0228087424766272
"A02",8395200.3,8954880.32,0.328526800731197
"A02",8954880.32,9514560.34,0.616443432634696
"A02",9514560.34,10074240.36,0.419175667688251
"A02",10074240.36,10633920.38,0.567740780534223
"A02",10633920.38,11193600.4,0.53108941251412
"A02",11193600.4,11753280.42,0.965288136154413
"A02",11753280.42,12312960.44,0.847544262651354
"A02",12312960.44,12872640.46,0.254433439578861
"A02",12872640.46,13432320.48,0.0759053898509592
"A02",13432320.48,13992000.5,0.444230468710884
"A02",13992000.5,14551680.52,0.00150991533882916
"A02",14551680.52,15111360.54,0.335790524026379
"A02",15111360.54,15671040.56,0.37402778910473
"A02",15671040.56,16230720.58,0.484550526598468
"A02",16230720.58,16790400.6,0.602876636898145
"A02",16790400.6,17350080.62,0.488455452257767
"A02",17350080.62,17909760.64,0.549087305087596
"A02",17909760.64,18469440.66,0.652854056563228
"A02",18469440.66,19029120.68,0.940194161608815
"A02",19029120.68,19588800.7,0.401442960370332
"A02",19588800.7,20148480.72,0.821490419097245
"A02",20148480.72,20708160.74,0.533253215253353
"A02",20708160.74,21267840.76,0.440705141751096
"A02",21267840.76,21827520.78,0.98118555964902
"A02",21827520.78,22387200.8,0.836305044591427
"A02",22387200.8,22946880.82,0.548095785547048
"A02",22946880.82,23506560.84,0.798674709629267
"A02",23506560.84,24066240.86,0.547025369480252
"A02",24066240.86,24625920.88,0.993083587614819
"A02",24625920.88,25185600.9,0.779366132570431
"A02",25185600.9,25745280.92,0.791594951879233
"A02",25745280.92,26304960.94,0.119916880503297
"A02",26304960.94,26864640.96,0.389898073161021
"A02",26864640.96,27424320.98,0.658744316315278
"A02",27424320.98,27984001,0.706583081977442
"A03",0,637792.7,0.253040975658223
"A03",637792.7,1275585.4,0.133783977478743
"A03",1275585.4,1913378.1,0.398772834800184
"A03",1913378.1,2551170.8,0.282908430323005
"A03",2551170.8,3188963.5,0.751362047856674
"A03",3188963.5,3826756.2,0.805803673574701
"A03",3826756.2,4464548.9,0.815099087310955
"A03",4464548.9,5102341.6,0.700264024781063
"A03",5102341.6,5740134.3,0.731829792726785
"A03",5740134.3,6377927,0.321570934262127
"A03",6377927,7015719.7,0.767748981015757
"A03",7015719.7,7653512.4,0.275912148645148
"A03",7653512.4,8291305.1,0.339739359449595
"A03",8291305.1,8929097.8,0.684199341572821
"A03",8929097.8,9566890.5,0.940361223649234
"A03",9566890.5,10204683.2,0.942019977839664
"A03",10204683.2,10842475.9,0.705986991757527
"A03",10842475.9,11480268.6,0.84045591740869
"A03",11480268.6,12118061.3,0.718081093160436
"A03",12118061.3,12755854,0.75445921998471
"A03",12755854,13393646.7,0.0120757836848497
"A03",13393646.7,14031439.4,0.0528673024382442
"A03",14031439.4,14669232.1,0.163035129429772
"A03",14669232.1,15307024.8,0.690249071922153
"A03",15307024.8,15944817.5,0.420518191996962
"A03",15944817.5,16582610.2,0.796747381100431
"A03",16582610.2,17220402.9,0.814854978583753
"A03",17220402.9,17858195.6,0.510490070329979
"A03",17858195.6,18495988.3,0.482633589534089
"A03",18495988.3,19133781,0.0769608020782471
"A03",19133781,19771573.7,0.950252616312355
"A03",19771573.7,20409366.4,0.336711580166593
"A03",20409366.4,21047159.1,0.941008907277137
"A03",21047159.1,21684951.8,0.716344963759184
"A03",21684951.8,22322744.5,0.0761609033215791
"A03",22322744.5,22960537.2,0.691803557099774
"A03",22960537.2,23598329.9,0.293016315437853
"A03",23598329.9,24236122.6,0.948243788909167
"A03",24236122.6,24873915.3,0.220278335968032
"A03",24873915.3,25511708,0.961037194589153
"A03",25511708,26149500.7,0.432509793899953
"A03",26149500.7,26787293.4,0.235282920766622
"A03",26787293.4,27425086.1,0.48374286131002
"A03",27425086.1,28062878.8,0.431642210111022
"A03",28062878.8,28700671.5,0.0426671400200576
"A03",28700671.5,29338464.2,0.577644489472732
"A03",29338464.2,29976256.9,0.925645453389734
"A03",29976256.9,30614049.6,0.990661256248131
"A03",30614049.6,31251842.3,0.492015833267942
"A03",31251842.3,31889635,0.88515266799368
"A04",0,406164.4,0.606509141158313
"A04",406164.4,812328.8,0.936467008199543
"A04",812328.8,1218493.2,0.455041504232213
"A04",1218493.2,1624657.6,0.128995649749413
"A04",1624657.6,2030822,0.196306625148281
"A04",2030822,2436986.4,0.986206093104556
"A04",2436986.4,2843150.8,0.150628608418629
"A04",2843150.8,3249315.2,0.690812793560326
"A04",3249315.2,3655479.6,0.587853416800499
"A04",3655479.6,4061644,0.583710143808275
"A04",4061644,4467808.4,0.140186462551355
"A04",4467808.4,4873972.8,0.663760389667004
"A04",4873972.8,5280137.2,0.329471167642623
"A04",5280137.2,5686301.6,0.541438482003286
"A04",5686301.6,6092466,0.978341209003702
"A04",6092466,6498630.4,0.0808700853958726
"A04",6498630.4,6904794.8,0.529039839981124
"A04",6904794.8,7310959.2,0.397549173329026
"A04",7310959.2,7717123.6,0.760781070915982
"A04",7717123.6,8123288,0.982122482033446
"A04",8123288,8529452.4,0.802479030331597
"A04",8529452.4,8935616.8,0.567755359690636
"A04",8935616.8,9341781.2,0.0686134970746934
"A04",9341781.2,9747945.6,0.187692857347429
"A04",9747945.6,10154110,0.821352013852447
"A04",10154110,10560274.4,0.495839441660792
"A04",10560274.4,10966438.8,0.558958358131349
"A04",10966438.8,11372603.2,0.735491525381804
"A04",11372603.2,11778767.6,0.406379674561322
"A04",11778767.6,12184932,0.928389169974253
"A04",12184932,12591096.4,0.318022334482521
"A04",12591096.4,12997260.8,0.861035323003307
"A04",12997260.8,13403425.2,0.251682007685304
"A04",13403425.2,13809589.6,0.102320406818762
"A04",13809589.6,14215754,0.912851689849049
"A04",14215754,14621918.4,0.795762132620439
"A04",14621918.4,15028082.8,0.92116008582525
"A04",15028082.8,15434247.2,0.674192963168025
"A04",15434247.2,15840411.6,0.231848216149956
"A04",15840411.6,16246576,0.17688743234612
"A04",16246576,16652740.4,0.467899156501517
"A04",16652740.4,17058904.8,0.298504231497645
"A04",17058904.8,17465069.2,0.791086468612775
"A04",17465069.2,17871233.6,0.400900147622451
"A04",17871233.6,18277398,0.692372851772234
"A04",18277398,18683562.4,0.0611458721105009
"A04",18683562.4,19089726.8,0.869498284766451
"A04",19089726.8,19495891.2,0.872224328108132
"A04",19495891.2,19902055.6,0.432001884095371
"A04",19902055.6,20308220,0.568421057192609
"A05",0,510405.9,0.547026126645505
"A05",510405.9,1020811.8,0.680181645555422
"A05",1020811.8,1531217.7,0.807823188602924
"A05",1531217.7,2041623.6,0.0646491397637874
"A05",2041623.6,2552029.5,0.463374364189804
"A05",2552029.5,3062435.4,0.17975188116543
"A05",3062435.4,3572841.3,0.527464905753732
"A05",3572841.3,4083247.2,0.600428429897875
"A05",4083247.2,4593653.1,0.0462430585175753
"A05",4593653.1,5104059,0.258762660669163
"A05",5104059,5614464.9,0.867993333609775
"A05",5614464.9,6124870.8,0.155067026149482
"A05",6124870.8,6635276.7,0.0882904569152743
"A05",6635276.7,7145682.6,0.774335050489753
"A05",7145682.6,7656088.5,0.295576299075037
"A05",7656088.5,8166494.4,0.223501570057124
"A05",8166494.4,8676900.3,0.355648925760761
"A05",8676900.3,9187306.2,0.102821034146473
"A05",9187306.2,9697712.1,0.638335139025003
"A05",9697712.1,10208118,0.0573529982939363
"A05",10208118,10718523.9,0.209020300069824
"A05",10718523.9,11228929.8,0.655546570196748
"A05",11228929.8,11739335.7,0.428684383397922
"A05",11739335.7,12249741.6,0.320379098178819
"A05",12249741.6,12760147.5,0.125554548809305
"A05",12760147.5,13270553.4,0.181593159679323
"A05",13270553.4,13780959.3,0.53833596711047
"A05",13780959.3,14291365.2,0.116937428014353
"A05",14291365.2,14801771.1,0.792378003243357
"A05",14801771.1,15312177,0.257253504125401
"A05",15312177,15822582.9,0.837181699229404
"A05",15822582.9,16332988.8,0.186878929147497
"A05",16332988.8,16843394.7,0.802571845939383
"A05",16843394.7,17353800.6,0.988714524544775
"A05",17353800.6,17864206.5,0.88635081704706
"A05",17864206.5,18374612.4,0.917081898078322
"A05",18374612.4,18885018.3,0.0758177600800991
"A05",18885018.3,19395424.2,0.85773456050083
"A05",19395424.2,19905830.1,0.13546015159227
"A05",19905830.1,20416236,0.505883182631806
"A05",20416236,20926641.9,0.390873845433816
"A05",20926641.9,21437047.8,0.346850302070379
"A05",21437047.8,21947453.7,0.260643342509866
"A05",21947453.7,22457859.6,0.637533525936306
"A05",22457859.6,22968265.5,0.804242950631306
"A05",22968265.5,23478671.4,0.987440983299166
"A05",23478671.4,23989077.3,0.623180026886985
"A05",23989077.3,24499483.2,0.830503521719947
"A05",24499483.2,25009889.1,0.889233530499041
"A05",25009889.1,25520295,0.334578445879743
"A06",0,542798.5,0.130013455636799
"A06",542798.5,1085597,0.390111878281459
"A06",1085597,1628395.5,0.593399052508175
"A06",1628395.5,2171194,0.607545022619888
"A06",2171194,2713992.5,0.101620925823227
"A06",2713992.5,3256791,0.384616531897336
"A06",3256791,3799589.5,0.623878322308883
"A06",3799589.5,4342388,0.034677988383919
"A06",4342388,4885186.5,0.638933817390352
"A06",4885186.5,5427985,0.237957423087209
"A06",5427985,5970783.5,0.501616564812139
"A06",5970783.5,6513582,0.659017151920125
"A06",6513582,7056380.5,0.874762103892863
"A06",7056380.5,7599179,0.00406428403221071
"A06",7599179,8141977.5,0.309730521868914
"A06",8141977.5,8684776,0.861389424884692
"A06",8684776,9227574.5,0.227593195158988
"A06",9227574.5,9770373,0.966847693314776
"A06",9770373,10313171.5,0.0997868236154318
"A06",10313171.5,10855970,0.00488151190802455
"A06",10855970,11398768.5,0.151089548366144
"A06",11398768.5,11941567,0.618883969262242
"A06",11941567,12484365.5,0.0191305500920862
"A06",12484365.5,13027164,0.0080222892574966
"A06",13027164,13569962.5,0.335029458627105
"A06",13569962.5,14112761,0.124826743034646
"A06",14112761,14655559.5,0.21858657640405
"A06",14655559.5,15198358,0.261354301590472
"A06",15198358,15741156.5,0.427865057950839
"A06",15741156.5,16283955,0.689924982609227
"A06",16283955,16826753.5,0.194259191397578
"A06",16826753.5,17369552,0.570436571259052
"A06",17369552,17912350.5,0.427578730275854
"A06",17912350.5,18455149,0.537383076734841
"A06",18455149,18997947.5,0.914765049004927
"A06",18997947.5,19540746,0.283337510656565
"A06",19540746,20083544.5,0.910318505717441
"A06",20083544.5,20626343,0.215315189445391
"A06",20626343,21169141.5,0.124709433177486
"A06",21169141.5,21711940,0.499558854848146
"A06",21711940,22254738.5,0.773000465007499
"A06",22254738.5,22797537,0.538319729734212
"A06",22797537,23340335.5,0.936013995436952
"A06",23340335.5,23883134,0.646388757508248
"A06",23883134,24425932.5,0.0731091191992164
"A06",24425932.5,24968731,0.717063479591161
"A06",24968731,25511529.5,0.887005905853584
"A06",25511529.5,26054328,0.268539000069723
"A06",26054328,26597126.5,0.181583848781884
"A06",26597126.5,27139925,0.845078265760094
"A07",0,473331.76,0.885009963996708
"A07",473331.76,946663.52,0.0766141519416124
"A07",946663.52,1419995.28,0.434308189200237
"A07",1419995.28,1893327.04,0.667509561404586
"A07",1893327.04,2366658.8,0.310580169083551
"A07",2366658.8,2839990.56,0.624368273187429
"A07",2839990.56,3313322.32,0.0588419570121914
"A07",3313322.32,3786654.08,0.10058907372877
"A07",3786654.08,4259985.84,0.361531631322578
"A07",4259985.84,4733317.6,0.902597244363278
"A07",4733317.6,5206649.36,0.153398779220879
"A07",5206649.36,5679981.12,0.901141134323552
"A07",5679981.12,6153312.88,0.883331250632182
"A07",6153312.88,6626644.64,0.691356031922624
"A07",6626644.64,7099976.4,0.590687649091706
"A07",7099976.4,7573308.16,0.32620188058354
"A07",7573308.16,8046639.92,0.101583723211661
"A07",8046639.92,8519971.68,0.44011260336265
"A07",8519971.68,8993303.44,0.755491204792634
"A07",8993303.44,9466635.2,0.871589695103467
"A07",9466635.2,9939966.96,0.488530093571171
"A07",9939966.96,10413298.72,0.0749224114697427
"A07",10413298.72,10886630.48,0.134832987096161
"A07",10886630.48,11359962.24,0.732539714314044
"A07",11359962.24,11833294,0.150270311627537
"A07",11833294,12306625.76,0.0649938620626926
"A07",12306625.76,12779957.52,0.555651291273534
"A07",12779957.52,13253289.28,0.550433706957847
"A07",13253289.28,13726621.04,0.752610844559968
"A07",13726621.04,14199952.8,0.0775279484223574
"A07",14199952.8,14673284.56,0.128070521168411
"A07",14673284.56,15146616.32,0.130642684176564
"A07",15146616.32,15619948.08,0.961847918806598
"A07",15619948.08,16093279.84,0.987563541391864
"A07",16093279.84,16566611.6,0.462583851767704
"A07",16566611.6,17039943.36,0.335536468075588
"A07",17039943.36,17513275.12,0.0101383472792804
"A07",17513275.12,17986606.88,0.712781394133344
"A07",17986606.88,18459938.64,0.560027666855603
"A07",18459938.64,18933270.4,0.188196191564202
"A07",18933270.4,19406602.16,0.244736502412707
"A07",19406602.16,19879933.92,0.155768201919273
"A07",19879933.92,20353265.68,0.796851819381118
"A07",20353265.68,20826597.44,0.702740208478644
"A07",20826597.44,21299929.2,0.883486669277772
"A07",21299929.2,21773260.96,0.155632508685812
"A07",21773260.96,22246592.72,0.62168555567041
"A07",22246592.72,22719924.48,0.398034108104184
"A07",22719924.48,23193256.24,0.0606446736492217
"A07",23193256.24,23666588,0.632161450805143
"A08",0,388221.78,0.370790221029893
"A08",388221.78,776443.56,0.883931647986174
"A08",776443.56,1164665.34,0.0789366576354951
"A08",1164665.34,1552887.12,0.672395684523508
"A08",1552887.12,1941108.9,0.158713216194883
"A08",1941108.9,2329330.68,0.857078054687008
"A08",2329330.68,2717552.46,0.0104236437473446
"A08",2717552.46,3105774.24,0.685099244117737
"A08",3105774.24,3493996.02,0.826036746613681
"A08",3493996.02,3882217.8,0.311942780623212
"A08",3882217.8,4270439.58,0.0825398315209895
"A08",4270439.58,4658661.36,0.157438033958897
"A08",4658661.36,5046883.14,0.270372557453811
"A08",5046883.14,5435104.92,0.59156780410558
"A08",5435104.92,5823326.7,0.624945167452097
"A08",5823326.7,6211548.48,0.825544451829046
"A08",6211548.48,6599770.26,0.406946904258803
"A08",6599770.26,6987992.04,0.0976911240722984
"A08",6987992.04,7376213.82,0.858824287541211
"A08",7376213.82,7764435.6,0.442879132227972
"A08",7764435.6,8152657.38,0.459856358123943
"A08",8152657.38,8540879.16,0.375724469777197
"A08",8540879.16,8929100.94,0.85772469593212
"A08",8929100.94,9317322.72,0.427227675681934
"A08",9317322.72,9705544.5,0.849861340597272
"A08",9705544.5,10093766.28,0.760076738195494
"A08",10093766.28,10481988.06,0.381336396094412
"A08",10481988.06,10870209.84,0.536158572649583
"A08",10870209.84,11258431.62,0.840494881384075
"A08",11258431.62,11646653.4,0.85802864911966
"A08",11646653.4,12034875.18,0.242827239213511
"A08",12034875.18,12423096.96,0.895127445692196
"A08",12423096.96,12811318.74,0.819351999554783
"A08",12811318.74,13199540.52,0.50497919251211
"A08",13199540.52,13587762.3,0.891083157388493
"A08",13587762.3,13975984.08,0.712496267398819
"A08",13975984.08,14364205.86,0.76767351408489
"A08",14364205.86,14752427.64,0.545658655464649
"A08",14752427.64,15140649.42,0.321373581653461
"A08",15140649.42,15528871.2,0.0231337521690875
"A08",15528871.2,15917092.98,0.893238053424284
"A08",15917092.98,16305314.76,0.0100461789406836
"A08",16305314.76,16693536.54,0.422261011786759
"A08",16693536.54,17081758.32,0.815699368948117
"A08",17081758.32,17469980.1,0.143928598612547
"A08",17469980.1,17858201.88,0.587756507098675
"A08",17858201.88,18246423.66,0.606450037797913
"A08",18246423.66,18634645.44,0.0417907456867397
"A08",18634645.44,19022867.22,0.315968943061307
"A08",19022867.22,19411089,0.294234651140869
"A09",0,796918.9,0.615577573189512
"A09",796918.9,1593837.8,0.370367297902703
"A09",1593837.8,2390756.7,0.853692475007847
"A09",2390756.7,3187675.6,0.47609141538851
"A09",3187675.6,3984594.5,0.497432589065284
"A09",3984594.5,4781513.4,0.319552104920149
"A09",4781513.4,5578432.3,0.342913904925808
"A09",5578432.3,6375351.2,0.950254627270624
"A09",6375351.2,7172270.1,0.467753968667239
"A09",7172270.1,7969189,0.0550984598230571
"A09",7969189,8766107.9,0.141764745349064
"A09",8766107.9,9563026.8,0.759174618171528
"A09",9563026.8,10359945.7,0.285123468143865
"A09",10359945.7,11156864.6,0.503599845804274
"A09",11156864.6,11953783.5,0.551472555380315
"A09",11953783.5,12750702.4,0.801861709682271
"A09",12750702.4,13547621.3,0.537629296770319
"A09",13547621.3,14344540.2,0.262659556930885
"A09",14344540.2,15141459.1,0.74485237034969
"A09",15141459.1,15938378,0.434887771727517
"A09",15938378,16735296.9,0.88280217256397
"A09",16735296.9,17532215.8,0.312005016719922
"A09",17532215.8,18329134.7,0.745969695504755
"A09",18329134.7,19126053.6,0.928430956089869
"A09",19126053.6,19922972.5,0.757636847672984
"A09",19922972.5,20719891.4,0.128483777167276
"A09",20719891.4,21516810.3,0.290868563344702
"A09",21516810.3,22313729.2,0.0359034615103155
"A09",22313729.2,23110648.1,0.501911871600896
"A09",23110648.1,23907567,0.657300762133673
"A09",23907567,24704485.9,0.916031205561012
"A09",24704485.9,25501404.8,0.278708885423839
"A09",25501404.8,26298323.7,0.827939364826307
"A09",26298323.7,27095242.6,0.356012310367078
"A09",27095242.6,27892161.5,0.678658957360312
"A09",27892161.5,28689080.4,0.758723615203053
"A09",28689080.4,29485999.3,0.548884742194787
"A09",29485999.3,30282918.2,0.228354692459106
"A09",30282918.2,31079837.1,0.797500859946012
"A09",31079837.1,31876756,0.013716280926019
"A09",31876756,32673674.9,0.0416093170642853
"A09",32673674.9,33470593.8,0.748064618557692
"A09",33470593.8,34267512.7,0.918647314421833
"A09",34267512.7,35064431.6,0.328377892961726
"A09",35064431.6,35861350.5,0.334866456221789
"A09",35861350.5,36658269.4,0.176953566027805
"A09",36658269.4,37455188.3,0.176177666289732
"A09",37455188.3,38252107.2,0.716732297092676
"A09",38252107.2,39049026.1,0.302799641620368
"A09",39049026.1,39845945,0.942670330172405
"A10",0,360007.8,0.725839543621987
"A10",360007.8,720015.6,0.438030569581315
"A10",720015.6,1080023.4,0.702436137711629
"A10",1080023.4,1440031.2,0.528373562498018
"A10",1440031.2,1800039,0.0681663604918867
"A10",1800039,2160046.8,0.955386824673042
"A10",2160046.8,2520054.6,0.912553548114374
"A10",2520054.6,2880062.4,0.873318710597232
"A10",2880062.4,3240070.2,0.748559642117471
"A10",3240070.2,3600078,0.815177645999938
"A10",3600078,3960085.8,0.951316907303408
"A10",3960085.8,4320093.6,0.837775567080826
"A10",4320093.6,4680101.4,0.248278073035181
"A10",4680101.4,5040109.2,0.027470238506794
"A10",5040109.2,5400117,0.812934367917478
"A10",5400117,5760124.8,0.212224345654249
"A10",5760124.8,6120132.6,0.532633288763463
"A10",6120132.6,6480140.4,0.411105068400502
"A10",6480140.4,6840148.2,0.430190024664626
"A10",6840148.2,7200156,0.000293232500553131
"A10",7200156,7560163.8,0.744643614860252
"A10",7560163.8,7920171.6,0.270227882545441
"A10",7920171.6,8280179.4,0.224214546382427
"A10",8280179.4,8640187.2,0.469376351451501
"A10",8640187.2,9000195,0.732195668155327
"A10",9000195,9360202.8,0.978454373311251
"A10",9360202.8,9720210.6,0.980324211763218
"A10",9720210.6,10080218.4,0.839357408229262
"A10",10080218.4,10440226.2,0.125602142419666
"A10",10440226.2,10800234,0.808121019275859
"A10",10800234,11160241.8,0.967872651759535
"A10",11160241.8,11520249.6,0.731581973144785
"A10",11520249.6,11880257.4,0.19637544057332
"A10",11880257.4,12240265.2,0.678339294856414
"A10",12240265.2,12600273,0.145047247875482
"A10",12600273,12960280.8,0.390576398931444
"A10",12960280.8,13320288.6,0.780577511060983
"A10",13320288.6,13680296.4,0.8264655189123
"A10",13680296.4,14040304.2,0.196762296836823
"A10",14040304.2,14400312,0.0195675464347005
"A10",14400312,14760319.8,0.0331460593733937
"A10",14760319.8,15120327.6,0.410912362392992
"A10",15120327.6,15480335.4,0.842862369958311
"A10",15480335.4,15840343.2,0.615404488286003
"A10",15840343.2,16200351,0.662794715492055
"A10",16200351,16560358.8,0.398175967857242
"A10",16560358.8,16920366.6,0.152915703132749
"A10",16920366.6,17280374.4,0.14461919455789
"A10",17280374.4,17640382.2,0.754432979505509
"A10",17640382.2,18000390,0.0434040825348347
"C01",0,775421.2,0.401327123399824
"C01",775421.2,1550842.4,0.201412902679294
"C01",1550842.4,2326263.6,0.528422883944586
"C01",2326263.6,3101684.8,0.707227745326236
"C01",3101684.8,3877106,0.598731206730008
"C01",3877106,4652527.2,0.913701073033735
"C01",4652527.2,5427948.4,0.109549955930561
"C01",5427948.4,6203369.6,0.160336885601282
"C01",6203369.6,6978790.8,0.476618500659242
"C01",6978790.8,7754212,0.0680427004117519
"C01",7754212,8529633.2,0.35802159877494
"C01",8529633.2,9305054.4,0.248617360601202
"C01",9305054.4,10080475.6,0.0992680054623634
"C01",10080475.6,10855896.8,0.444418932776898
"C01",10855896.8,11631318,0.414617124013603
"C01",11631318,12406739.2,0.292175638955086
"C01",12406739.2,13182160.4,0.329494907986373
"C01",13182160.4,13957581.6,0.328620726941153
"C01",13957581.6,14733002.8,0.63829714152962
"C01",14733002.8,15508424,0.109864090103656
"C01",15508424,16283845.2,0.860854845494032
"C01",16283845.2,17059266.4,0.381978814490139
"C01",17059266.4,17834687.6,0.287327220197767
"C01",17834687.6,18610108.8,0.661009037867188
"C01",18610108.8,19385530,0.666727839969099
"C01",19385530,20160951.2,0.971865297993645
"C01",20160951.2,20936372.4,0.953903909074143
"C01",20936372.4,21711793.6,0.0131805692799389
"C01",21711793.6,22487214.8,0.815013159299269
"C01",22487214.8,23262636,0.763627549400553
"C01",23262636,24038057.2,0.460181515663862
"C01",24038057.2,24813478.4,0.604739003349096
"C01",24813478.4,25588899.6,0.161332556977868
"C01",25588899.6,26364320.8,0.30850825458765
"C01",26364320.8,27139742,0.955417518271133
"C01",27139742,27915163.2,0.146646563196555
"C01",27915163.2,28690584.4,0.60034876037389
"C01",28690584.4,29466005.6,0.327012691879645
"C01",29466005.6,30241426.8,0.794103241059929
"C01",30241426.8,31016848,0.754174253903329
"C01",31016848,31792269.2,0.00861746142618358
"C01",31792269.2,32567690.4,0.898656185017899
"C01",32567690.4,33343111.6,0.560289704473689
"C01",33343111.6,34118532.8,0.624689988791943
"C01",34118532.8,34893954,0.0284265151713043
"C01",34893954,35669375.2,0.890874285716563
"C01",35669375.2,36444796.4,0.950963129289448
"C01",36444796.4,37220217.6,0.769582120236009
"C01",37220217.6,37995638.8,0.691021848469973
"C01",37995638.8,38771060,0.995030899066478
"C02",0,952408.08,0.456032638205215
"C02",952408.08,1904816.16,0.939020502148196
"C02",1904816.16,2857224.24,0.801646956242621
"C02",2857224.24,3809632.32,0.228112016106024
"C02",3809632.32,4762040.4,0.4869085252285
"C02",4762040.4,5714448.48,0.6581492414698
"C02",5714448.48,6666856.56,0.127421711105853
"C02",6666856.56,7619264.64,0.959248572122306
"C02",7619264.64,8571672.72,0.507599706063047
"C02",8571672.72,9524080.8,0.523179516894743
"C02",9524080.8,10476488.88,0.803153631975874
"C02",10476488.88,11428896.96,0.726730984868482
"C02",11428896.96,12381305.04,0.503185780486092
"C02",12381305.04,13333713.12,0.437328551663086
"C02",13333713.12,14286121.2,0.960266537964344
"C02",14286121.2,15238529.28,0.286402707453817
"C02",15238529.28,16190937.36,0.54468722618185
"C02",16190937.36,17143345.44,0.24192633270286
"C02",17143345.44,18095753.52,0.996527261799201
"C02",18095753.52,19048161.6,0.357994534540921
"C02",19048161.6,20000569.68,0.281800487544388
"C02",20000569.68,20952977.76,0.425199405523017
"C02",20952977.76,21905385.84,0.234962361864746
"C02",21905385.84,22857793.92,0.0922337423544377
"C02",22857793.92,23810202,0.471177236642689
"C02",23810202,24762610.08,0.679078562417999
"C02",24762610.08,25715018.16,0.156098768580705
"C02",25715018.16,26667426.24,0.953800585353747
"C02",26667426.24,27619834.32,0.24728670087643
"C02",27619834.32,28572242.4,0.788778139976785
"C02",28572242.4,29524650.48,0.169500596122816
"C02",29524650.48,30477058.56,0.81760056107305
"C02",30477058.56,31429466.64,0.746557870646939
"C02",31429466.64,32381874.72,0.84327382245101
"C02",32381874.72,33334282.8,0.795027406187728
"C02",33334282.8,34286690.88,0.842396069318056
"C02",34286690.88,35239098.96,0.568191861035302
"C02",35239098.96,36191507.04,0.880785555113107
"C02",36191507.04,37143915.12,0.215131581295282
"C02",37143915.12,38096323.2,0.615610462147743
"C02",38096323.2,39048731.28,0.633435284951702
"C02",39048731.28,40001139.36,0.807082327781245
"C02",40001139.36,40953547.44,0.472359491279349
"C02",40953547.44,41905955.52,0.104252504184842
"C02",41905955.52,42858363.6,0.200944231823087
"C02",42858363.6,43810771.68,0.132217947626486
"C02",43810771.68,44763179.76,0.358522396301851
"C02",44763179.76,45715587.84,0.953036757884547
"C02",45715587.84,46667995.92,0.89240425825119
"C02",46667995.92,47620404,0.167726735118777
"C03",0,1213803.9,0.129269403638318
"C03",1213803.9,2427607.8,0.916472752578557
"C03",2427607.8,3641411.7,0.654466913780198
"C03",3641411.7,4855215.6,0.971600202377886
"C03",4855215.6,6069019.5,0.246411393396556
"C03",6069019.5,7282823.4,0.825672020670027
"C03",7282823.4,8496627.3,0.983233374776319
"C03",8496627.3,9710431.2,0.42273221979849
"C03",9710431.2,10924235.1,0.38739313185215
"C03",10924235.1,12138039,0.840632282430306
"C03",12138039,13351842.9,0.596174700185657
"C03",13351842.9,14565646.8,0.958936352282763
"C03",14565646.8,15779450.7,0.139320519054309
"C03",15779450.7,16993254.6,0.922018789453432
"C03",16993254.6,18207058.5,0.0910653248429298
"C03",18207058.5,19420862.4,0.311451469780877
"C03",19420862.4,20634666.3,0.903255699202418
"C03",20634666.3,21848470.2,0.840871364576742
"C03",21848470.2,23062274.1,0.429444575216621
"C03",23062274.1,24276078,0.38721599848941
"C03",24276078,25489881.9,0.401586218504235
"C03",25489881.9,26703685.8,0.463639817666262
"C03",26703685.8,27917489.7,0.806732904864475
"C03",27917489.7,29131293.6,0.953132096445188
"C03",29131293.6,30345097.5,0.553350135218352
"C03",30345097.5,31558901.4,0.876400935230777
"C03",31558901.4,32772705.3,0.673559128073975
"C03",32772705.3,33986509.2,0.798219934571534
"C03",33986509.2,35200313.1,0.683279304765165
"C03",35200313.1,36414117,0.923391966847703
"C03",36414117,37627920.9,0.646030805306509
"C03",37627920.9,38841724.8,0.653733103536069
"C03",38841724.8,40055528.7,0.830164464423433
"C03",40055528.7,41269332.6,0.214280249550939
"C03",41269332.6,42483136.5,0.553954587550834
"C03",42483136.5,43696940.4,0.796598585089669
"C03",43696940.4,44910744.3,0.771696047624573
"C03",44910744.3,46124548.2,0.382102157920599
"C03",46124548.2,47338352.1,0.964205559110269
"C03",47338352.1,48552156,0.521864645648748
"C03",48552156,49765959.9,0.480283228447661
"C03",49765959.9,50979763.8,0.773472865112126
"C03",50979763.8,52193567.7,0.368625794537365
"C03",52193567.7,53407371.6,0.214449012419209
"C03",53407371.6,54621175.5,0.732779593905434
"C03",54621175.5,55834979.4,0.934076167875901
"C03",55834979.4,57048783.3,0.400212259264663
"C03",57048783.3,58262587.2,0.297992256935686
"C03",58262587.2,59476391.1,0.902729402296245
"C03",59476391.1,60690195,0.597387939924374
"C04",0,1050096.16,0.56131268129684
"C04",1050096.16,2100192.32,0.574093930190429
"C04",2100192.32,3150288.48,0.230955652426928
"C04",3150288.48,4200384.64,0.902398815844208
"C04",4200384.64,5250480.8,0.534245268441737
"C04",5250480.8,6300576.96,0.911433317465708
"C04",6300576.96,7350673.12,0.71067133359611
"C04",7350673.12,8400769.28,0.0343866655603051
"C04",8400769.28,9450865.44,0.623302637133747
"C04",9450865.44,10500961.6,0.155539678642526
"C04",10500961.6,11551057.76,0.867318644421175
"C04",11551057.76,12601153.92,0.781068817945197
"C04",12601153.92,13651250.08,0.390284630237147
"C04",13651250.08,14701346.24,0.403354819398373
"C04",14701346.24,15751442.4,0.880546140018851
"C04",15751442.4,16801538.56,0.222782050725073
"C04",16801538.56,17851634.72,0.231713610002771
"C04",17851634.72,18901730.88,0.882411575876176
"C04",18901730.88,19951827.04,0.983597334241495
"C04",19951827.04,21001923.2,0.715231710113585
"C04",21001923.2,22052019.36,0.180724459234625
"C04",22052019.36,23102115.52,0.59932130202651
"C04",23102115.52,24152211.68,0.977963297162205
"C04",24152211.68,25202307.84,0.0906520339194685
"C04",25202307.84,26252404,0.632654999615625
"C04",26252404,27302500.16,0.124580944655463
"C04",27302500.16,28352596.32,0.119010235182941
"C04",28352596.32,29402692.48,0.992942547425628
"C04",29402692.48,30452788.64,0.374045955715701
"C04",30452788.64,31502884.8,0.574168236926198
"C04",31502884.8,32552980.96,0.45894031249918
"C04",32552980.96,33603077.12,0.330216161673889
"C04",33603077.12,34653173.28,0.350532724289224
"C04",34653173.28,35703269.44,0.476426417473704
"C04",35703269.44,36753365.6,0.262762778671458
"C04",36753365.6,37803461.76,0.989880518289283
"C04",37803461.76,38853557.92,0.924543827772141
"C04",38853557.92,39903654.08,0.740629559848458
"C04",39903654.08,40953750.24,0.0748226919677109
"C04",40953750.24,42003846.4,0.626161609543487
"C04",42003846.4,43053942.56,0.431639285758138
"C04",43053942.56,44104038.72,0.144891429226846
"C04",44104038.72,45154134.88,0.552706712856889
"C04",45154134.88,46204231.04,0.0316003591287881
"C04",46204231.04,47254327.2,0.212481726892292
"C04",47254327.2,48304423.36,0.610881663858891
"C04",48304423.36,49354519.52,0.615737104555592
"C04",49354519.52,50404615.68,0.393700130749494
"C04",50404615.68,51454711.84,0.561428215587512
"C04",51454711.84,52504808,0.73540207836777
"C05",0,1033648.72,0.946058770874515
"C05",1033648.72,2067297.44,0.0202224892564118
"C05",2067297.44,3100946.16,0.541362309828401
"C05",3100946.16,4134594.88,0.650443203980103
"C05",4134594.88,5168243.6,0.31751859607175
"C05",5168243.6,6201892.32,0.826097637182102
"C05",6201892.32,7235541.04,0.912634992739186
"C05",7235541.04,8269189.76,0.831831216346473
"C05",8269189.76,9302838.48,0.927989878924564
"C05",9302838.48,10336487.2,0.097806190373376
"C05",10336487.2,11370135.92,0.656735704746097
"C05",11370135.92,12403784.64,0.578774179331958
"C05",12403784.64,13437433.36,0.758274428080767
"C05",13437433.36,14471082.08,0.918476062826812
"C05",14471082.08,15504730.8,0.815456275362521
"C05",15504730.8,16538379.52,0.328393368050456
"C05",16538379.52,17572028.24,0.797820186242461
"C05",17572028.24,18605676.96,0.364377623191103
"C05",18605676.96,19639325.68,0.637665323447436
"C05",19639325.68,20672974.4,0.0902057504281402
"C05",20672974.4,21706623.12,0.792081221705303
"C05",21706623.12,22740271.84,0.627347118221223
"C05",22740271.84,23773920.56,0.820631408132613
"C05",23773920.56,24807569.28,0.635082226479426
"C05",24807569.28,25841218,0.251845582854003
"C05",25841218,26874866.72,0.861749370815232
"C05",26874866.72,27908515.44,0.794566726079211
"C05",27908515.44,28942164.16,0.138939349213615
"C05",28942164.16,29975812.88,0.770767037989572
"C05",29975812.88,31009461.6,0.875124971149489
"C05",31009461.6,32043110.32,0.201317908708006
"C05",32043110.32,33076759.04,0.10897501045838
"C05",33076759.04,34110407.76,0.506604035617784
"C05",34110407.76,35144056.48,0.910345740849152
"C05",35144056.48,36177705.2,0.27560369623825
"C05",36177705.2,37211353.92,0.165976108517498
"C05",37211353.92,38245002.64,0.257391618797556
"C05",38245002.64,39278651.36,0.97172853955999
"C05",39278651.36,40312300.08,0.11853700154461
"C05",40312300.08,41345948.8,0.631945228436962
"C05",41345948.8,42379597.52,0.605129685718566
"C05",42379597.52,43413246.24,0.08228351152502
"C05",43413246.24,44446894.96,0.0402442319318652
"C05",44446894.96,45480543.68,0.333669980056584
"C05",45480543.68,46514192.4,0.78226693533361
"C05",46514192.4,47547841.12,0.482341659953818
"C05",47547841.12,48581489.84,0.976965794572607
"C05",48581489.84,49615138.56,0.388327331049368
"C05",49615138.56,50648787.28,0.433720046421513
"C05",50648787.28,51682436,0.479261114494875
"C06",0,728211.16,0.424001620151103
"C06",728211.16,1456422.32,0.13800299493596
"C06",1456422.32,2184633.48,0.851975831435993
"C06",2184633.48,2912844.64,0.284216091735289
"C06",2912844.64,3641055.8,0.312468564137816
"C06",3641055.8,4369266.96,0.865418709348887
"C06",4369266.96,5097478.12,0.59755730885081
"C06",5097478.12,5825689.28,0.895300440257415
"C06",5825689.28,6553900.44,0.690329089993611
"C06",6553900.44,7282111.6,0.0682324329391122
"C06",7282111.6,8010322.76,0.10273262555711
"C06",8010322.76,8738533.92,0.911067463690415
"C06",8738533.92,9466745.08,0.946007397957146
"C06",9466745.08,10194956.24,0.529821461299434
"C06",10194956.24,10923167.4,0.373509549535811
"C06",10923167.4,11651378.56,0.0534340245649219
"C06",11651378.56,12379589.72,0.0912767245899886
"C06",12379589.72,13107800.88,0.688608715310693
"C06",13107800.88,13836012.04,0.621593802236021
"C06",13836012.04,14564223.2,0.560232261195779
"C06",14564223.2,15292434.36,0.390494548715651
"C06",15292434.36,16020645.52,0.69777953485027
"C06",16020645.52,16748856.68,0.826329569797963
"C06",16748856.68,17477067.84,0.31671963701956
"C06",17477067.84,18205279,0.737876421539113
"C06",18205279,18933490.16,0.553728273836896
"C06",18933490.16,19661701.32,0.44395727198571
"C06",19661701.32,20389912.48,0.556012942222878
"C06",20389912.48,21118123.64,0.149318888783455
"C06",21118123.64,21846334.8,0.741625581867993
"C06",21846334.8,22574545.96,0.159646412124857
"C06",22574545.96,23302757.12,0.6112062970642
"C06",23302757.12,24030968.28,0.208366263192147
"C06",24030968.28,24759179.44,0.499956100713462
"C06",24759179.44,25487390.6,0.663818113971502
"C06",25487390.6,26215601.76,0.189248752314597
"C06",26215601.76,26943812.92,0.114851436577737
"C06",26943812.92,27672024.08,0.00998357497155666
"C06",27672024.08,28400235.24,0.934773164102808
"C06",28400235.24,29128446.4,0.884591720765457
"C06",29128446.4,29856657.56,0.490208112634718
"C06",29856657.56,30584868.72,0.314444124465808
"C06",30584868.72,31313079.88,0.191759176785126
"C06",31313079.88,32041291.04,0.694544462254271
"C06",32041291.04,32769502.2,0.692823556950316
"C06",32769502.2,33497713.36,0.600347860949114
"C06",33497713.36,34225924.52,0.517508928431198
"C06",34225924.52,34954135.68,0.0974858552217484
"C06",34954135.68,35682346.84,0.0588450205978006
"C06",35682346.84,36410558,0.692286142846569
"C07",0,918690.5,0.763420585310087
"C07",918690.5,1837381,0.853053628234193
"C07",1837381,2756071.5,0.338215846102685
"C07",2756071.5,3674762,0.404139845632017
"C07",3674762,4593452.5,0.487425670726225
"C07",4593452.5,5512143,0.075082378461957
"C07",5512143,6430833.5,0.18278260435909
"C07",6430833.5,7349524,0.183278036536649
"C07",7349524,8268214.5,0.499791782349348
"C07",8268214.5,9186905,0.805456027854234
"C07",9186905,10105595.5,0.918921502307057
"C07",10105595.5,11024286,0.205821092706174
"C07",11024286,11942976.5,0.792616901686415
"C07",11942976.5,12861667,0.0709219672717154
"C07",12861667,13780357.5,0.849829930346459
"C07",13780357.5,14699048,0.571193150943145
"C07",14699048,15617738.5,0.949837232939899
"C07",15617738.5,16536429,0.556665281765163
"C07",16536429,17455119.5,0.827503974782303
"C07",17455119.5,18373810,0.145484020235017
"C07",18373810,19292500.5,0.0752489822916687
"C07",19292500.5,20211191,0.109823330771178
"C07",20211191,21129881.5,0.954666592879221
"C07",21129881.5,22048572,0.26064910273999
"C07",22048572,22967262.5,0.953363361302763
"C07",22967262.5,23885953,0.589016910409555
"C07",23885953,24804643.5,0.402121749008074
"C07",24804643.5,25723334,0.623566444264725
"C07",25723334,26642024.5,0.993901518872008
"C07",26642024.5,27560715,0.383656506659463
"C07",27560715,28479405.5,0.590186167508364
"C07",28479405.5,29398096,0.0480191197711974
"C07",29398096,30316786.5,0.6611287756823
"C07",30316786.5,31235477,0.96488265809603
"C07",31235477,32154167.5,0.0125318786595017
"C07",32154167.5,33072858,0.830265682889149
"C07",33072858,33991548.5,0.168843201827258
"C07",33991548.5,34910239,0.184998020762578
"C07",34910239,35828929.5,0.246603499632329
"C07",35828929.5,36747620,0.112446152605116
"C07",36747620,37666310.5,0.337715172674507
"C07",37666310.5,38585001,0.692489936947823
"C07",38585001,39503691.5,0.262073306599632
"C07",39503691.5,40422382,0.81357869761996
"C07",40422382,41341072.5,0.532151749823242
"C07",41341072.5,42259763,0.324808482546359
"C07",42259763,43178453.5,0.390835185302421
"C07",43178453.5,44097144,0.613254299154505
"C07",44097144,45015834.5,0.817256729118526
"C07",45015834.5,45934525,0.397550565656275
"C08",0,759533.32,0.555128427920863
"C08",759533.32,1519066.64,0.682922023814172
"C08",1519066.64,2278599.96,0.234451735857874
"C08",2278599.96,3038133.28,0.414275731891394
"C08",3038133.28,3797666.6,0.645002900855616
"C08",3797666.6,4557199.92,0.54302601213567
"C08",4557199.92,5316733.24,0.783805294660851
"C08",5316733.24,6076266.56,0.126995308091864
"C08",6076266.56,6835799.88,0.153008040972054
"C08",6835799.88,7595333.2,0.614438380813226
"C08",7595333.2,8354866.52,0.673331611789763
"C08",8354866.52,9114399.84,0.550034838728607
"C08",9114399.84,9873933.16,0.887060075765476
"C08",9873933.16,10633466.48,0.105310182087123
"C08",10633466.48,11392999.8,0.845562977716327
"C08",11392999.8,12152533.12,0.218438603682443
"C08",12152533.12,12912066.44,0.929812429007143
"C08",12912066.44,13671599.76,0.0344341010786593
"C08",13671599.76,14431133.08,0.810216889251024
"C08",14431133.08,15190666.4,0.068973432527855
"C08",15190666.4,15950199.72,0.701030681841075
"C08",15950199.72,16709733.04,0.181098357541487
"C08",16709733.04,17469266.36,0.433756648795679
"C08",17469266.36,18228799.68,0.0801001477520913
"C08",18228799.68,18988333,0.527440622681752
"C08",18988333,19747866.32,0.303169725928456
"C08",19747866.32,20507399.64,0.504004166228697
"C08",20507399.64,21266932.96,0.754635252524167
"C08",21266932.96,22026466.28,0.496365932980552
"C08",22026466.28,22785999.6,0.461593287531286
"C08",22785999.6,23545532.92,0.969020936405286
"C08",23545532.92,24305066.24,0.563687965506688
"C08",24305066.24,25064599.56,0.717251481022686
"C08",25064599.56,25824132.88,0.369921078905463
"C08",25824132.88,26583666.2,0.655308685265481
"C08",26583666.2,27343199.52,0.572122700279579
"C08",27343199.52,28102732.84,0.319750280352309
"C08",28102732.84,28862266.16,0.965799657162279
"C08",28862266.16,29621799.48,0.54959864821285
"C08",29621799.48,30381332.8,0.234623887576163
"C08",30381332.8,31140866.12,0.911325936671346
"C08",31140866.12,31900399.44,0.805831685429439
"C08",31900399.44,32659932.76,0.926723892567679
"C08",32659932.76,33419466.08,0.943150545004755
"C08",33419466.08,34178999.4,0.539983951253816
"C08",34178999.4,34938532.72,0.913525333628058
"C08",34938532.72,35698066.04,0.363966032629833
"C08",35698066.04,36457599.36,0.326595665886998
"C08",36457599.36,37217132.68,0.842993600992486
"C08",37217132.68,37976666,0.849625969305634
"C09",0,993595.66,0.274576308671385
"C09",993595.66,1987191.32,0.199442499550059
"C09",1987191.32,2980786.98,0.852902214508504
"C09",2980786.98,3974382.64,0.601977256359532
"C09",3974382.64,4967978.3,0.59059377387166
"C09",4967978.3,5961573.96,0.832943439483643
"C09",5961573.96,6955169.62,0.207795840455219
"C09",6955169.62,7948765.28,0.0260932799428701
"C09",7948765.28,8942360.94,0.44046411360614
"C09",8942360.94,9935956.6,0.627194229280576
"C09",9935956.6,10929552.26,0.674674533540383
"C09",10929552.26,11923147.92,0.62478811875917
"C09",11923147.92,12916743.58,0.687790903961286
"C09",12916743.58,13910339.24,0.839482370531186
"C09",13910339.24,14903934.9,0.449009509757161
"C09",14903934.9,15897530.56,0.0324328027199954
"C09",15897530.56,16891126.22,0.706738051725551
"C09",16891126.22,17884721.88,0.0335696695838124
"C09",17884721.88,18878317.54,0.533300081500784
"C09",18878317.54,19871913.2,0.555986633058637
"C09",19871913.2,20865508.86,0.807675080373883
"C09",20865508.86,21859104.52,0.46925538405776
"C09",21859104.52,22852700.18,0.998691191198304
"C09",22852700.18,23846295.84,0.374490916728973
"C09",23846295.84,24839891.5,0.907316678203642
"C09",24839891.5,25833487.16,0.355193281313404
"C09",25833487.16,26827082.82,0.246881844475865
"C09",26827082.82,27820678.48,0.697000247426331
"C09",27820678.48,28814274.14,0.257950205355883
"C09",28814274.14,29807869.8,0.375671176472679
"C09",29807869.8,30801465.46,0.433996241539717
"C09",30801465.46,31795061.12,0.774768525268883
"C09",31795061.12,32788656.78,0.810962636489421
"C09",32788656.78,33782252.44,0.0630428541917354
"C09",33782252.44,34775848.1,0.994361299322918
"C09",34775848.1,35769443.76,0.974915755912662
"C09",35769443.76,36763039.42,0.989699788857251
"C09",36763039.42,37756635.08,0.806245333747938
"C09",37756635.08,38750230.74,0.0818192283622921
"C09",38750230.74,39743826.4,0.254559523193166
"C09",39743826.4,40737422.06,0.120873761828989
"C09",40737422.06,41731017.72,0.835145290242508
"C09",41731017.72,42724613.38,0.619700102834031
"C09",42724613.38,43718209.04,0.823449504794553
"C09",43718209.04,44711804.7,0.142313272925094
"C09",44711804.7,45705400.36,0.730548758758232
"C09",45705400.36,46698996.02,0.46614384604618
"C09",46698996.02,47692591.68,0.327159914188087
"C09",47692591.68,48686187.34,0.700628336751834
"C09",48686187.34,49679783,0.577596653020009
