"chr1","pos1","chr2","pos2","type"
"A01",913603,"C01",7703851,"syntenic"
"A01",15004916,"C01",896374,"syntenic"
"A01",9968218,"C01",5956537,"syntenic"
"A01",22782969,"C01",23235400,"syntenic"
"A01",1657351,"C01",27915913,"syntenic"
"A01",16625875,"C01",35613162,"syntenic"
"A01",7087879,"C01",20237447,"syntenic"
"A01",20221851,"C01",14622886,"syntenic"
"A01",14214434,"C01",4678220,"syntenic"
"A01",4116621,"C01",10010918,"syntenic"
"A01",18134479,"C01",2652591,"syntenic"
"A01",5857596,"C01",14572048,"syntenic"
"A01",7552606,"C01",29825622,"syntenic"
"A01",22412327,"C01",10412784,"syntenic"
"A01",13640054,"C01",2183684,"syntenic"
"A01",837701,"C01",20151574,"syntenic"
"A01",5798816,"C01",27783024,"syntenic"
"A01",18681740,"C01",7179422,"syntenic"
"A01",4167139,"C01",31411911,"syntenic"
"A01",4349591,"C01",10788488,"syntenic"
"A01",3320906,"C01",11634026,"syntenic"
"A01",15454818,"C01",21625558,"syntenic"
"A01",8277964,"C01",13828782,"syntenic"
"A01",17881022,"C01",10468743,"syntenic"
"A01",10119594,"C01",303430,"syntenic"
"A01",17816856,"C01",37117771,"syntenic"
"A01",15587068,"C01",8972743,"syntenic"
"A01",14763568,"C01",38599763,"syntenic"
"A01",12054516,"C01",12789505,"syntenic"
"A01",10960158,"C01",22502710,"syntenic"
"A01",1276776,"C01",12728157,"syntenic"
"A01",10685492,"C01",11588138,"syntenic"
"A01",20596820,"C01",34257529,"syntenic"
"A01",19757653,"C01",28150470,"syntenic"
"A01",16270024,"C01",27996832,"syntenic"
"A01",16328484,"C01",28085245,"syntenic"
"A01",1003479,"C01",24929825,"syntenic"
"A01",2619304,"C01",34161113,"syntenic"
"A01",13080530,"C01",8161269,"syntenic"
"A01",17312519,"C01",37547260,"syntenic"
"A01",20874294,"C01",15336737,"syntenic"
"A01",12115709,"C01",27005555,"syntenic"
"A01",640309,"C01",3537101,"syntenic"
"A01",23728907,"C01",35177012,"syntenic"
"A01",18441607,"C01",26742487,"syntenic"
"A01",22614176,"C01",30608893,"syntenic"
"A01",23380247,"C01",17693550,"syntenic"
"A01",8722779,"C01",8440026,"syntenic"
"A01",6932337,"C01",35288021,"syntenic"
"A01",418748,"C01",36199124,"syntenic"
"A01",14506655,"C01",3676820,"syntenic"
"A01",10682329,"C01",15554209,"syntenic"
"A01",4300292,"C01",21609697,"syntenic"
"A01",1618568,"C01",3581145,"syntenic"
"A01",5532205,"C01",27163782,"syntenic"
"A01",13040573,"C01",29269813,"syntenic"
"A01",6794037,"C01",30614738,"syntenic"
"A01",22865297,"C01",11547010,"syntenic"
"A01",9201688,"C01",8489125,"syntenic"
"A01",12502604,"C01",24661773,"syntenic"
"A02",23708906,"C02",27650556,"syntenic"
"A02",24070208,"C02",5191139,"syntenic"
"A02",2313179,"C02",31115555,"syntenic"
"A02",16530775,"C02",21109215,"syntenic"
"A02",3145154,"C02",7217943,"syntenic"
"A02",20738855,"C02",14488863,"syntenic"
"A02",14528073,"C02",19125474,"syntenic"
"A02",18186106,"C02",44773673,"syntenic"
"A02",22762077,"C02",41682731,"syntenic"
"A02",2532589,"C02",10769003,"syntenic"
"A02",2138195,"C02",25912162,"syntenic"
"A02",18144465,"C02",6160163,"syntenic"
"A02",1940697,"C02",24455491,"syntenic"
"A02",7509369,"C02",30455142,"syntenic"
"A02",11085224,"C02",35215757,"syntenic"
"A02",26414822,"C02",9692125,"syntenic"
"A02",27795440,"C02",25653159,"syntenic"
"A02",13183569,"C02",29246802,"syntenic"
"A02",15184115,"C02",6934391,"syntenic"
"A02",709233,"C02",23839106,"syntenic"
"A02",26374605,"C02",9175071,"syntenic"
"A02",27112563,"C02",46772240,"syntenic"
"A02",12852644,"C02",11644321,"syntenic"
"A02",11538956,"C02",28619676,"syntenic"
"A02",4324914,"C02",13307055,"syntenic"
"A02",8740304,"C02",25105530,"syntenic"
"A02",26094995,"C02",20611331,"syntenic"
"A02",16192801,"C02",3106123,"syntenic"
"A02",6499320,"C02",7062829,"syntenic"
"A02",643242,"C02",18308444,"syntenic"
"A02",13675988,"C02",20204939,"syntenic"
"A02",7057416,"C02",41013509,"syntenic"
"A02",1883442,"C02",21353546,"syntenic"
"A02",18433609,"C02",17438583,"syntenic"
"A02",17123040,"C02",13366995,"syntenic"
"A02",14342840,"C02",23028379,"syntenic"
"A02",26973763,"C02",40732584,"syntenic"
"A02",8717348,"C02",3599850,"syntenic"
"A02",15676283,"C02",41396062,"syntenic"
"A02",19910644,"C02",647833,"syntenic"
"A02",27650035,"C02",40070249,"syntenic"
"A02",18396548,"C02",30278836,"syntenic"
"A02",18185589,"C02",15781912,"syntenic"
"A02",10903087,"C02",2402990,"syntenic"
"A02",3511599,"C02",47058832,"syntenic"
"A02",1187528,"C02",43966842,"syntenic"
"A02",2381415,"C02",15927344,"syntenic"
"A02",12300222,"C02",30364041,"syntenic"
"A02",9096491,"C02",24302238,"syntenic"
"A02",12345290,"C02",20322493,"syntenic"
"A02",27393593,"C02",25020454,"syntenic"
"A02",5488959,"C02",44895054,"syntenic"
"A02",21355922,"C02",42033272,"syntenic"
"A02",13065547,"C02",34920889,"syntenic"
"A02",12996083,"C02",39245896,"syntenic"
"A02",20626122,"C02",44316753,"syntenic"
"A02",3588230,"C02",27749108,"syntenic"
"A02",380032,"C02",15637844,"syntenic"
"A02",12643013,"C02",30052655,"syntenic"
"A02",9689986,"C02",12390000,"syntenic"
"A02",12474814,"C02",7786099,"syntenic"
"A02",636531,"C02",3806001,"syntenic"
"A02",25569341,"C02",27602028,"syntenic"
"A02",19105141,"C02",35014771,"syntenic"
"A02",27367000,"C02",42152886,"syntenic"
"A02",27030202,"C02",13296374,"syntenic"
"A02",11616507,"C02",36676227,"syntenic"
"A02",2106334,"C02",10589506,"syntenic"
"A02",4135080,"C02",28924692,"syntenic"
"A02",5063321,"C02",32300231,"syntenic"
"A02",27763133,"C02",24806742,"syntenic"
"A03",12024993,"C03",40567232,"syntenic"
"A03",15859381,"C03",54238110,"syntenic"
"A03",26663141,"C03",14666513,"syntenic"
"A03",31025851,"C03",11152407,"syntenic"
"A03",14274020,"C03",19681928,"syntenic"
"A03",5176831,"C03",33164452,"syntenic"
"A03",15487555,"C03",52874145,"syntenic"
"A03",27636205,"C03",47793948,"syntenic"
"A03",31008977,"C03",39227061,"syntenic"
"A03",23428746,"C03",57411942,"syntenic"
"A03",2655112,"C03",8426320,"syntenic"
"A03",24482242,"C03",15148366,"syntenic"
"A03",25931482,"C03",55044735,"syntenic"
"A03",2665736,"C03",45621449,"syntenic"
"A03",3364065,"C03",4367016,"syntenic"
"A03",16859713,"C03",29885431,"syntenic"
"A03",25612237,"C03",35402772,"syntenic"
"A03",13453436,"C03",38792967,"syntenic"
"A03",14891053,"C03",21744921,"syntenic"
"A03",5905037,"C03",39680127,"syntenic"
"A03",27795212,"C03",475975,"syntenic"
"A03",5423025,"C03",48893095,"syntenic"
"A03",5686906,"C03",4626180,"syntenic"
"A03",29995089,"C03",28622403,"syntenic"
"A03",23819136,"C03",28595950,"syntenic"
"A03",31719694,"C03",26965638,"syntenic"
"A03",8956577,"C03",41137198,"syntenic"
"A03",4147731,"C03",15005282,"syntenic"
"A03",8428764,"C03",45321438,"syntenic"
"A03",21227003,"C03",39402618,"syntenic"
"A03",21648261,"C03",32898532,"syntenic"
"A03",17989923,"C03",46404413,"syntenic"
"A03",26635433,"C03",47752639,"syntenic"
"A03",22292549,"C03",20939256,"syntenic"
"A03",4924418,"C03",58049298,"syntenic"
"A03",17030250,"C03",7209815,"syntenic"
"A03",24503368,"C03",29367160,"syntenic"
"A03",30059749,"C03",34258639,"syntenic"
"A03",21916601,"C03",3621482,"syntenic"
"A03",17731791,"C03",28552044,"syntenic"
"A03",5768484,"C03",25300231,"syntenic"
"A03",4451448,"C03",48749109,"syntenic"
"A03",23374616,"C03",48612164,"syntenic"
"A03",21156363,"C03",38338816,"syntenic"
"A03",22863319,"C03",59002968,"syntenic"
"A03",27236185,"C03",680522,"syntenic"
"A03",30330611,"C03",45833503,"syntenic"
"A03",21607085,"C03",54155544,"syntenic"
"A03",15852298,"C03",4179272,"syntenic"
"A03",11269418,"C03",10454695,"syntenic"
"A03",25616038,"C03",34666964,"syntenic"
"A03",25125793,"C03",48502730,"syntenic"
"A03",23881674,"C03",58813007,"syntenic"
"A03",30838639,"C03",54615878,"syntenic"
"A03",7185723,"C03",17334807,"syntenic"
"A03",18390927,"C03",29854813,"syntenic"
"A03",7784496,"C03",16205929,"syntenic"
"A03",11203256,"C03",30038532,"syntenic"
"A04",16105953,"C04",16346854,"syntenic"
"A04",5519690,"C04",41444978,"syntenic"
"A04",12768355,"C04",6382650,"syntenic"
"A04",825352,"C04",16898683,"syntenic"
"A04",17136215,"C04",34622368,"syntenic"
"A04",13463751,"C04",38557512,"syntenic"
"A04",15320593,"C04",34786033,"syntenic"
"A04",14251163,"C04",13667873,"syntenic"
"A04",20024082,"C04",43196763,"syntenic"
"A04",19500106,"C04",36998975,"syntenic"
"A04",16156018,"C04",34673516,"syntenic"
"A04",2818908,"C04",34930205,"syntenic"
"A04",5474839,"C04",36259525,"syntenic"
"A04",12664402,"C04",30127934,"syntenic"
"A04",4140109,"C04",40525491,"syntenic"
"A04",17375945,"C04",23236573,"syntenic"
"A04",13094125,"C04",24840107,"syntenic"
"A04",7285765,"C04",30697951,"syntenic"
"A04",6505883,"C04",26609539,"syntenic"
"A04",9337578,"C04",40244282,"syntenic"
"A04",18792914,"C04",34709475,"syntenic"
"A04",17349199,"C04",31295368,"syntenic"
"A04",8508299,"C04",46359592,"syntenic"
"A04",9649803,"C04",39620991,"syntenic"
"A04",2527383,"C04",38719959,"syntenic"
"A04",10993825,"C04",27543996,"syntenic"
"A04",1852025,"C04",15755206,"syntenic"
"A04",10023978,"C04",2859232,"syntenic"
"A04",467856,"C04",36084064,"syntenic"
"A04",14211768,"C04",44709315,"syntenic"
"A04",3618070,"C04",26230228,"syntenic"
"A04",6427278,"C04",14961015,"syntenic"
"A04",4192498,"C04",18310878,"syntenic"
"A04",518804,"C04",5596594,"syntenic"
"A04",1090185,"C04",10630629,"syntenic"
"A04",12067472,"C04",23238691,"syntenic"
"A05",17613860,"C05",44970487,"syntenic"
"A05",20297685,"C05",10026269,"syntenic"
"A05",9644125,"C05",17599181,"syntenic"
"A05",10682295,"C05",24347141,"syntenic"
"A05",3657805,"C05",30854492,"syntenic"
"A05",11268680,"C05",8226214,"syntenic"
"A05",9954000,"C05",4852311,"syntenic"
"A05",6109664,"C05",19875599,"syntenic"
"A05",21010102,"C05",5616682,"syntenic"
"A05",6508457,"C05",1593950,"syntenic"
"A05",19154816,"C05",35261129,"syntenic"
"A05",13810211,"C05",22413388,"syntenic"
"A05",13557169,"C05",19021469,"syntenic"
"A05",21402589,"C05",2172285,"syntenic"
"A05",19853301,"C05",42006794,"syntenic"
"A05",11057577,"C05",2527474,"syntenic"
"A05",23825912,"C05",14065542,"syntenic"
"A05",22659472,"C05",83618,"syntenic"
"A05",5082270,"C05",10191829,"syntenic"
"A05",14059194,"C05",47730087,"syntenic"
"A05",21347268,"C05",46305710,"syntenic"
"A05",12221555,"C05",49141296,"syntenic"
"A05",9014812,"C05",46867186,"syntenic"
"A05",21109121,"C05",2842033,"syntenic"
"A05",10501284,"C05",7478157,"syntenic"
"A05",24199503,"C05",4982958,"syntenic"
"A05",6116983,"C05",43080556,"syntenic"
"A05",18447780,"C05",14196235,"syntenic"
"A05",3287966,"C05",51363695,"syntenic"
"A05",690406,"C05",23033055,"syntenic"
"A05",6569922,"C05",42247795,"syntenic"
"A05",21928179,"C05",39780670,"syntenic"
"A05",5820559,"C05",41581859,"syntenic"
"A05",1910946,"C05",38039493,"syntenic"
"A05",13604328,"C05",35007959,"syntenic"
"A05",14102293,"C05",13802693,"syntenic"
"A05",11295440,"C05",31855464,"syntenic"
"A05",2043952,"C05",51306138,"syntenic"
"A05",3583391,"C05",34655559,"syntenic"
"A05",8307225,"C05",1897141,"syntenic"
"A05",1045161,"C05",15723529,"syntenic"
"A05",19147062,"C05",47561454,"syntenic"
"A05",15421439,"C05",30758424,"syntenic"
"A05",17667230,"C05",40693438,"syntenic"
"A05",7543151,"C05",14577527,"syntenic"
"A05",10898661,"C05",4705519,"syntenic"
"A05",17654192,"C05",21027991,"syntenic"
"A05",1672238,"C05",35036383,"syntenic"
"A05",12484501,"C05",22069504,"syntenic"
"A05",2519367,"C05",2901295,"syntenic"
"A05",21740640,"C05",44899795,"syntenic"
"A05",20696147,"C05",42475117,"syntenic"
"A05",25018222,"C05",44424481,"syntenic"
"A05",21963580,"C05",38237829,"syntenic"
"A05",20844746,"C05",35961262,"syntenic"
"A06",377596,"C06",11785928,"syntenic"
"A06",5832142,"C06",6209326,"syntenic"
"A06",22582536,"C06",11142007,"syntenic"
"A06",15990552,"C06",282766,"syntenic"
"A06",23373155,"C06",258083,"syntenic"
"A06",15561938,"C06",13333436,"syntenic"
"A06",14997549,"C06",17263505,"syntenic"
"A06",25429331,"C06",23424032,"syntenic"
"A06",16888977,"C06",4511069,"syntenic"
"A06",747832,"C06",24496,"syntenic"
"A06",22933118,"C06",32574516,"syntenic"
"A06",414917,"C06",25799972,"syntenic"
"A06",16715144,"C06",16686129,"syntenic"
"A06",10911638,"C06",21717997,"syntenic"
"A06",25800382,"C06",14443486,"syntenic"
"A06",24890049,"C06",9273415,"syntenic"
"A06",12459682,"C06",29956094,"syntenic"
"A06",24397519,"C06",23735860,"syntenic"
"A06",12505081,"C06",10789230,"syntenic"
"A06",1142441,"C06",21023527,"syntenic"
"A06",17737393,"C06",27770314,"syntenic"
"A06",20685730,"C06",34721221,"syntenic"
"A06",12950493,"C06",3509931,"syntenic"
"A06",16480329,"C06",18218004,"syntenic"
"A06",11443166,"C06",7434215,"syntenic"
"A06",11010446,"C06",35393291,"syntenic"
"A06",11717465,"C06",17591372,"syntenic"
"A06",25551683,"C06",5975468,"syntenic"
"A06",1186827,"C06",4113764,"syntenic"
"A06",26572683,"C06",10144002,"syntenic"
"A06",25511655,"C06",14900023,"syntenic"
"A06",24977151,"C06",12835497,"syntenic"
"A06",25446000,"C06",6211835,"syntenic"
"A06",7008112,"C06",22191260,"syntenic"
"A06",17697340,"C06",1082813,"syntenic"
"A06",2661913,"C06",15612236,"syntenic"
"A06",3363527,"C06",17467023,"syntenic"
"A06",13155834,"C06",22168203,"syntenic"
"A06",18251000,"C06",1095306,"syntenic"
"A06",26728550,"C06",4652391,"syntenic"
"A06",25904617,"C06",5182083,"syntenic"
"A06",1347310,"C06",1823140,"syntenic"
"A06",10063489,"C06",5838101,"syntenic"
"A06",7929507,"C06",32197773,"syntenic"
"A06",20050880,"C06",35659928,"syntenic"
"A06",560799,"C06",23012034,"syntenic"
"A06",25153823,"C06",3927643,"syntenic"
"A06",6486390,"C06",10889824,"syntenic"
"A07",20053496,"C07",11724963,"syntenic"
"A07",18981789,"C07",38574564,"syntenic"
"A07",15024451,"C07",20202920,"syntenic"
"A07",8690949,"C07",30544364,"syntenic"
"A07",22896199,"C07",23976081,"syntenic"
"A07",6411793,"C07",12342539,"syntenic"
"A07",17692008,"C07",10519202,"syntenic"
"A07",14789501,"C07",35982541,"syntenic"
"A07",17536291,"C07",6784187,"syntenic"
"A07",2136302,"C07",38826756,"syntenic"
"A07",4915503,"C07",45574158,"syntenic"
"A07",3333787,"C07",38461873,"syntenic"
"A07",15451411,"C07",18120753,"syntenic"
"A07",17118533,"C07",16601232,"syntenic"
"A07",14973774,"C07",41862846,"syntenic"
"A07",4457451,"C07",7814174,"syntenic"
"A07",20794285,"C07",37950020,"syntenic"
"A07",5985749,"C07",45346886,"syntenic"
"A07",19509524,"C07",4864296,"syntenic"
"A07",14658618,"C07",5427499,"syntenic"
"A07",16801442,"C07",4976526,"syntenic"
"A07",4334384,"C07",34822400,"syntenic"
"A07",5842052,"C07",212698,"syntenic"
"A07",16540753,"C07",43056551,"syntenic"
"A07",16301115,"C07",38047453,"syntenic"
"A07",8966943,"C07",12945705,"syntenic"
"A07",4775729,"C07",23826607,"syntenic"
"A07",6070506,"C07",9315675,"syntenic"
"A07",9796744,"C07",21004230,"syntenic"
"A07",12915461,"C07",31061513,"syntenic"
"A07",18771946,"C07",4327849,"syntenic"
"A07",2042165,"C07",1494610,"syntenic"
"A07",7514905,"C07",19256862,"syntenic"
"A07",10856424,"C07",42156534,"syntenic"
"A07",13681524,"C07",38093978,"syntenic"
"A07",2521440,"C07",21642901,"syntenic"
"A07",23082611,"C07",21453841,"syntenic"
"A07",21860760,"C07",8839363,"syntenic"
"A07",13542875,"C07",18305623,"syntenic"
"A07",1734028,"C07",3159176,"syntenic"
"A07",14689110,"C07",39940997,"syntenic"
"A07",13773407,"C07",43836600,"syntenic"
"A07",16105609,"C07",14689535,"syntenic"
"A07",3179442,"C07",36281801,"syntenic"
"A07",9047617,"C07",23148747,"syntenic"
"A07",20814798,"C07",33435890,"syntenic"
"A07",14564878,"C07",8994865,"syntenic"
"A07",3380167,"C07",43367084,"syntenic"
"A07",16684000,"C07",41860236,"syntenic"
"A07",13038467,"C07",29015726,"syntenic"
"A07",22097087,"C07",12923684,"syntenic"
"A07",11827869,"C07",27904183,"syntenic"
"A07",3331616,"C07",11987409,"syntenic"
"A07",15754874,"C07",41010306,"syntenic"
"A07",20778123,"C07",38804415,"syntenic"
"A07",15574115,"C07",27917709,"syntenic"
"A07",22891807,"C07",3278562,"syntenic"
"A07",20798074,"C07",12252858,"syntenic"
"A07",5617646,"C07",6674024,"syntenic"
"A07",8079348,"C07",29458049,"syntenic"
"A07",22677063,"C07",35903301,"syntenic"
"A07",4893055,"C07",18495455,"syntenic"
"A07",2688587,"C07",26969633,"syntenic"
"A07",2056441,"C07",19632103,"syntenic"
"A07",12439461,"C07",39814130,"syntenic"
"A07",2567759,"C07",39367939,"syntenic"
"A07",4860221,"C07",41569631,"syntenic"
"A07",20828867,"C07",12263387,"syntenic"
"A07",22721585,"C07",35523814,"syntenic"
"A07",21813161,"C07",38455993,"syntenic"
"A07",2992435,"C07",37451582,"syntenic"
"A07",7454486,"C07",31049717,"syntenic"
"A07",20717788,"C07",32946043,"syntenic"
"A07",11245890,"C07",10794259,"syntenic"
"A07",4999271,"C07",6138936,"syntenic"
"A07",9378412,"C07",6639160,"syntenic"
"A07",1679852,"C07",11275558,"syntenic"
"A08",2480859,"C08",32527158,"syntenic"
"A08",14026176,"C08",2157350,"syntenic"
"A08",4156581,"C08",35258321,"syntenic"
"A08",11434725,"C08",8035885,"syntenic"
"A08",19336947,"C08",12023346,"syntenic"
"A08",4435496,"C08",18557368,"syntenic"
"A08",3554937,"C08",26997087,"syntenic"
"A08",749579,"C08",14113822,"syntenic"
"A08",14124817,"C08",4824374,"syntenic"
"A08",13185747,"C08",16403113,"syntenic"
"A08",6004348,"C08",15477577,"syntenic"
"A08",16693511,"C08",11702680,"syntenic"
"A08",3977713,"C08",4538872,"syntenic"
"A08",697067,"C08",452864,"syntenic"
"A08",797524,"C08",25916878,"syntenic"
"A08",16303975,"C08",16124324,"syntenic"
"A08",13776873,"C08",2198717,"syntenic"
"A08",12008817,"C08",21724046,"syntenic"
"A08",1030754,"C08",12661909,"syntenic"
"A08",8872225,"C08",24600547,"syntenic"
"A08",1047300,"C08",10943586,"syntenic"
"A08",9847240,"C08",9628999,"syntenic"
"A08",13317570,"C08",1456497,"syntenic"
"A08",9096578,"C08",5815385,"syntenic"
"A08",17882390,"C08",13379926,"syntenic"
"A08",18406839,"C08",29904879,"syntenic"
"A08",14128250,"C08",6641066,"syntenic"
"A08",15211513,"C08",9335332,"syntenic"
"A08",1625001,"C08",263118,"syntenic"
"A08",5247362,"C08",3284837,"syntenic"
"A08",16715352,"C08",4893089,"syntenic"
"A08",8792335,"C08",22430475,"syntenic"
"A08",3103001,"C08",9031138,"syntenic"
"A08",18555526,"C08",34332819,"syntenic"
"A08",15443875,"C08",17278007,"syntenic"
"A08",16609101,"C08",23423827,"syntenic"
"A08",1967819,"C08",7037131,"syntenic"
"A08",10245665,"C08",33504225,"syntenic"
"A08",19393599,"C08",33175404,"syntenic"
"A09",30389514,"C09",34489130,"syntenic"
"A09",22796328,"C09",43066443,"syntenic"
"A09",7947526,"C09",40975569,"syntenic"
"A09",18522252,"C09",21996175,"syntenic"
"A09",37498314,"C09",24835701,"syntenic"
"A09",9901019,"C09",37388318,"syntenic"
"A09",9377673,"C09",45016781,"syntenic"
"A09",19654773,"C09",14823917,"syntenic"
"A09",16607664,"C09",14364990,"syntenic"
"A09",13712262,"C09",6807019,"syntenic"
"A09",32141078,"C09",16504154,"syntenic"
"A09",34525873,"C09",10127432,"syntenic"
"A09",20477014,"C09",23726070,"syntenic"
"A09",32576473,"C09",9290476,"syntenic"
"A09",38213891,"C09",37692586,"syntenic"
"A09",1216671,"C09",44814830,"syntenic"
"A09",7889517,"C09",10033821,"syntenic"
"A09",19322773,"C09",45663995,"syntenic"
"A09",24398852,"C09",34184912,"syntenic"
"A09",2238579,"C09",35488533,"syntenic"
"A09",31086118,"C09",8152829,"syntenic"
"A09",2987556,"C09",17377061,"syntenic"
"A09",34220662,"C09",15600514,"syntenic"
"A09",27762043,"C09",357893,"syntenic"
"A09",31993189,"C09",11521212,"syntenic"
"A09",17371778,"C09",23257453,"syntenic"
"A09",30186358,"C09",14398863,"syntenic"
"A09",38374092,"C09",8855688,"syntenic"
"A09",8594548,"C09",47897250,"syntenic"
"A09",10121671,"C09",31087117,"syntenic"
"A09",25685529,"C09",7732506,"syntenic"
"A09",30429580,"C09",9043717,"syntenic"
"A09",28233990,"C09",43318353,"syntenic"
"A09",18463077,"C09",49277772,"syntenic"
"A09",18311880,"C09",37781463,"syntenic"
"A09",20834378,"C09",10177588,"syntenic"
"A09",9867535,"C09",10885853,"syntenic"
"A07",22948556,"C06",28885564,"non-syntenic"
"A01",13178865,"C04",34286725,"non-syntenic"
"A08",8097122,"C04",39809217,"non-syntenic"
"A03",1853915,"C07",30892037,"non-syntenic"
"A02",1656821,"C09",18584367,"non-syntenic"
"A06",24567035,"C06",200896,"non-syntenic"
"A06",24781881,"C06",24962634,"non-syntenic"
"A05",6626396,"C09",44929299,"non-syntenic"
"A10",5645187,"C01",14653197,"non-syntenic"
"A09",32514417,"C01",37238578,"non-syntenic"
"A08",10653829,"C03",29872236,"non-syntenic"
"A05",10060604,"C07",30988655,"non-syntenic"
"A08",2006390,"C06",23691160,"non-syntenic"
"A05",14593806,"C09",9217839,"non-syntenic"
"A07",13425230,"C09",39449805,"non-syntenic"
"A08",4988542,"C07",11204552,"non-syntenic"
"A08",18147506,"C01",23613164,"non-syntenic"
"A01",20760309,"C01",18596966,"non-syntenic"
"A04",109276,"C07",2627585,"non-syntenic"
"A08",865288,"C02",17261255,"non-syntenic"
"A04",10815805,"C02",45800810,"non-syntenic"
"A05",24905780,"C08",4748416,"non-syntenic"
"A03",6471425,"C02",41593768,"non-syntenic"
"A10",6243078,"C03",6775503,"non-syntenic"
"A01",6477175,"C04",42607173,"non-syntenic"
"A03",19091294,"C06",29120533,"non-syntenic"
"A10",11014447,"C04",11661643,"non-syntenic"
"A02",1343205,"C02",40162548,"non-syntenic"
"A10",9571215,"C07",14354520,"non-syntenic"
"A02",13854694,"C05",16125765,"non-syntenic"
"A02",14611451,"C09",38466397,"non-syntenic"
"A01",2962920,"C07",10646001,"non-syntenic"
"A01",16431155,"C05",4432492,"non-syntenic"
"A08",13301250,"C03",5024315,"non-syntenic"
"A09",18084548,"C07",19033802,"non-syntenic"
"A04",10935418,"C01",33269031,"non-syntenic"
"A07",11528991,"C05",39162043,"non-syntenic"
"A05",5994927,"C05",42842874,"non-syntenic"
"A09",27554956,"C01",7983575,"non-syntenic"
"A07",1289580,"C09",34208451,"non-syntenic"
"A09",4091004,"C07",14612129,"non-syntenic"
"A05",22910999,"C01",23357393,"non-syntenic"
"A08",7605878,"C01",6277942,"non-syntenic"
"A03",20216724,"C07",20722820,"non-syntenic"
"A10",7541681,"C08",826485,"non-syntenic"
"A05",25089541,"C07",1563222,"non-syntenic"
"A01",23176100,"C06",12210086,"non-syntenic"
"A05",17557537,"C03",30000159,"non-syntenic"
"A04",14270088,"C04",22369070,"non-syntenic"
"A08",12782379,"C06",31719898,"non-syntenic"
"A04",13154004,"C07",692785,"non-syntenic"
"A02",1888471,"C08",1935796,"non-syntenic"
"A06",15980543,"C07",1743310,"non-syntenic"
"A09",39701928,"C04",27591842,"non-syntenic"
"A02",23468323,"C06",15494984,"non-syntenic"
"A09",36426003,"C09",40269781,"non-syntenic"
"A02",24244848,"C03",3075375,"non-syntenic"
"A03",11487415,"C06",18751151,"non-syntenic"
"A04",1246186,"C01",5619060,"non-syntenic"
"A10",4535370,"C02",7000081,"non-syntenic"
"A08",10803407,"C05",28096305,"non-syntenic"
"A01",10305700,"C05",24990646,"non-syntenic"
"A02",18489411,"C09",35099812,"non-syntenic"
"A08",5555390,"C01",9818082,"non-syntenic"
"A05",9900581,"C07",35888685,"non-syntenic"
"A06",1015018,"C04",24606398,"non-syntenic"
"A07",16315894,"C07",29681397,"non-syntenic"
"A03",7983030,"C01",15201808,"non-syntenic"
"A10",1139188,"C08",2459879,"non-syntenic"
"A02",21821468,"C05",45217436,"non-syntenic"
"A07",6069834,"C07",36512800,"non-syntenic"
"A05",15084888,"C03",38315656,"non-syntenic"
"A02",2727792,"C09",19283735,"non-syntenic"
"A04",12555585,"C02",46553745,"non-syntenic"
"A04",10833748,"C04",1072832,"non-syntenic"
"A09",32350267,"C08",10038865,"non-syntenic"
"A01",21244529,"C07",43803992,"non-syntenic"
"A05",15791290,"C05",31432407,"non-syntenic"
"A07",9828444,"C04",32624401,"non-syntenic"
"A02",21551395,"C01",248054,"non-syntenic"
"A06",24645963,"C09",30566697,"non-syntenic"
"A10",16165636,"C08",2406162,"non-syntenic"
"A06",9793373,"C09",7847123,"non-syntenic"
"A02",11000967,"C06",22982380,"non-syntenic"
"A04",9010920,"C01",15839092,"non-syntenic"
"A06",10539285,"C02",9623503,"non-syntenic"
"A06",5872107,"C03",24661668,"non-syntenic"
"A10",17037606,"C03",5160182,"non-syntenic"
"A07",20846687,"C02",26685766,"non-syntenic"
"A02",8369385,"C09",12195628,"non-syntenic"
"A03",6644924,"C02",44754857,"non-syntenic"
"A03",21698881,"C08",10216773,"non-syntenic"
"A06",12887564,"C05",2320221,"non-syntenic"
"A04",10067252,"C08",5153166,"non-syntenic"
"A10",16218127,"C08",20348834,"non-syntenic"
"A05",24714426,"C09",46820353,"non-syntenic"
"A06",21470994,"C08",27709144,"non-syntenic"
"A08",7307436,"C08",8607386,"non-syntenic"
"A09",30788559,"C08",3664479,"non-syntenic"
"A04",6235269,"C03",42003532,"non-syntenic"
